"Thématiques","Critères","Tests","Chargement","Accueil","Vérification","Justificatif","Actualité","Plan du site","Contenu","Modalites Règlement","Saisie Indicatif","Informations Virement","Erreur"
"1","1","1","c","c","c","c","c","c","c","c","nc|!f! Il manque un `alt` sur l’image","c","c"
"1","1","2","na","na","na","na","na","na","na","na","na","na","na"
"1","1","3","na","na","na","na","na","na","na","na","na","na","na"
"1","1","4","na","na","na","na","na","na","na","na","na","na","na"
"1","1","5","na","na","na","na","na","na","na","na","na","na","na"
"1","1","6","na","na","na","na","na","na","na","na","na","na","na"
"1","1","7","na","na","na","na","na","na","na","na","na","na","na"
"1","1","8","na","na","na","na","na","na","na","na","na","na","na"
"1","2","1","c","c","c","c","c","c","c","c","nc|!f! Il manque un `alt` sur l’image","c","c"
"1","2","2","na","na","na","na","na","na","na","na","na","na","na"
"1","2","3","na","na","na","na","na","na","na","na","na","na","na"
"1","2","4","na","na","na","na","na","na","na","na","na","na","na"
"1","2","5","na","na","na","na","na","na","na","na","na","na","na"
"1","2","6","na","na","na","na","na","na","na","na","na","na","na"
"1","3","1","c","nc","c","c","c","c","c","c","c","c","c"
"1","3","2","na","na","na","na","na","na","na","na","na","na","na"
"1","3","3","na","na","na","na","na","na","na","na","na","na","na"
"1","3","4","na","na","na","na","na","na","na","na","na","na","na"
"1","3","5","na","na","na","na","na","na","na","na","na","na","na"
"1","3","6","na","na","na","na","na","na","na","na","na","na","na"
"1","3","7","na","na","na","na","na","na","na","na","na","na","na"
"1","3","8","na","na","na","na","na","na","na","na","na","na","na"
"1","3","9","c","c","c","c","c","c","c","c","c","c","c"
"1","4","1","na","na","na","na","na","na","na","na","na","na","na"
"1","4","2","na","na","na","na","na","na","na","na","na","na","na"
"1","4","3","na","na","na","na","na","na","na","na","na","na","na"
"1","4","4","na","na","na","na","na","na","na","na","na","na","na"
"1","4","5","na","na","na","na","na","na","na","na","na","na","na"
"1","4","6","na","na","na","na","na","na","na","na","na","na","na"
"1","4","7","na","na","na","na","na","na","na","na","na","na","na"
"1","5","1","na","na","na","na","na","na","na","na","na","na","na"
"1","5","2","na","na","na","na","na","na","na","na","na","na","na"
"1","6","1","c","nc|!F! Modale « Où trouver mon numéro de télépaiement et la clé? ». Manque une description de l’endroit ou trouver le numéro de paiement","c","c","c","c","c","c","c","c","c"
"1","6","10","na","na","na","na","na","na","na","na","na","na","na"
"1","6","2","na","na","na","na","na","na","na","na","na","na","na"
"1","6","3","na","na","na","na","na","na","na","na","na","na","na"
"1","6","4","na","na","na","na","na","na","na","na","na","na","na"
"1","6","5","na","na","na","na","na","na","na","na","na","na","na"
"1","6","6","na","na","na","na","na","na","na","na","na","na","na"
"1","6","7","na","na","na","na","na","na","na","na","na","na","na"
"1","6","8","na","na","na","na","na","na","na","na","na","na","na"
"1","6","9","na","na","na","na","na","na","na","na","na","na","na"
"1","7","1","na","na","na","na","na","na","na","na","na","na","na"
"1","7","2","na","na","na","na","na","na","na","na","na","na","na"
"1","7","3","na","na","na","na","na","na","na","na","na","na","na"
"1","7","4","na","na","na","na","na","na","na","na","na","na","na"
"1","7","5","na","na","na","na","na","na","na","na","na","na","na"
"1","7","6","na","na","na","na","na","na","na","na","na","na","na"
"1","8","1","nc|!M! Sur chaque image, les alternatives ne sont pas stylées","nc|!M! Sur chaque image, les alternatives ne sont pas stylées","nc|!M! Sur chaque image, les alternatives ne sont pas stylées","nc|!M! Sur chaque image, les alternatives ne sont pas stylées","nc|!M! Sur chaque image, les alternatives ne sont pas stylées","nc|!M! Sur chaque image, les alternatives ne sont pas stylées","nc|!M! Sur chaque image, les alternatives ne sont pas stylées","nc|!M! Sur chaque image, les alternatives ne sont pas stylées","nc|!M! Sur chaque image, les alternatives ne sont pas stylées","nc|!M! Sur chaque image, les alternatives ne sont pas stylées","nc|!M! Sur chaque image, les alternatives ne sont pas stylées"
"1","8","2","na","na","na","na","na","na","na","na","na","na","na"
"1","8","3","na","na","na","na","na","na","na","na","na","na","na"
"1","8","4","na","na","na","na","na","na","na","na","na","na","na"
"1","8","5","na","na","na","na","na","na","na","na","na","na","na"
"1","9","1","na","na","na","na","na","na","na","na","na","na","na"
"1","9","2","na","na","na","na","na","na","na","na","na","na","na"
"1","9","3","na","na","na","na","na","na","na","na","na","na","na"
"1","9","4","na","na","na","na","na","na","na","na","na","na","na"
"1","9","5","na","na","na","na","na","na","na","na","na","na","na"
"2","1","1","na","na","na","na","na","na","na","na","na","na","na"
"2","2","1","na","na","na","na","na","na","na","na","na","na","na"
"3","1","1","na","na","na","na","na","na","na","na","na","na","na"
"3","1","2","na","na","na","na","na","na","na","na","na","na","na"
"3","1","3","na","na","na","na","na","na","na","na","na","na","na"
"3","1","4","na","na","na","na","na","na","na","na","na","na","na"
"3","1","5","na","na","na","na","na","na","na","na","na","na","na"
"3","1","6","na","na","na","na","na","na","na","na","na","na","na"
"3","2","1","c","nc|!F! Bloc « moyens de payer à distance ». Le constraste est de 4.23. ","nc|!F! Bloc information à gauche. Le constraste est de 4.23. ","nc|!F! Bloc information à gauche. Le constraste est de 4.23. ","c","c","c","c","c","c","c"
"3","2","2","c","c","c","c","c","c","c","c","c","c","c"
"3","2","3","c","c","c","c","c","c","c","c","c","c","c"
"3","2","4","c","c","c","c","c","c","c","c","c","c","c"
"3","2","5","c","c","c","c","c","c","c","c","c","c","c"
"3","3","1","c","c","c","c","c","c","c","c","c","c","c"
"3","3","2","c","c","c","c","c","c","c","c","c","c","c"
"3","3","3","c","c","c","c","c","c","c","c","c","c","c"
"3","3","4","c","c","c","c","c","c","c","c","c","c","c"
"4","1","1","na","na","na","na","na","na","na","na","na","na","na"
"4","1","2","na","na","na","na","na","na","na","na","na","na","na"
"4","1","3","na","na","na","na","na","na","na","na","na","na","na"
"4","2","1","na","na","na","na","na","na","na","na","na","na","na"
"4","2","2","na","na","na","na","na","na","na","na","na","na","na"
"4","2","3","na","na","na","na","na","na","na","na","na","na","na"
"4","3","1","na","na","na","na","na","na","na","na","na","na","na"
"4","3","2","na","na","na","na","na","na","na","na","na","na","na"
"4","4","1","na","na","na","na","na","na","na","na","na","na","na"
"4","5","1","na","na","na","na","na","na","na","na","na","na","na"
"4","5","2","na","na","na","na","na","na","na","na","na","na","na"
"4","6","1","na","na","na","na","na","na","na","na","na","na","na"
"4","6","2","na","na","na","na","na","na","na","na","na","na","na"
"4","7","1","na","na","na","na","na","na","na","na","na","na","na"
"4","8","1","na","na","na","na","na","na","na","na","na","na","na"
"4","8","2","na","na","na","na","na","na","na","na","na","na","na"
"4","9","1","na","na","na","na","na","na","na","na","na","na","na"
"4","10","1","na","na","na","na","na","na","na","na","na","na","na"
"4","11","1","na","na","na","na","na","na","na","na","na","na","na"
"4","11","2","na","na","na","na","na","na","na","na","na","na","na"
"4","11","3","na","na","na","na","na","na","na","na","na","na","na"
"4","12","1","na","na","na","na","na","na","na","na","na","na","na"
"4","12","2","na","na","na","na","na","na","na","na","na","na","na"
"4","13","1","na","na","na","na","na","na","na","na","na","na","na"
"4","13","2","na","na","na","na","na","na","na","na","na","na","na"
"5","1","1","nc","nc","nc","nc","nc","nc","nc","nc","nc","nc","nc"
"5","2","1","na","na","na","na","na","na","na","na","na","na","na"
"5","3","1","nc","nc","nc","nc","nc","nc","nc","nc","nc","nc","nc"
"5","4","1","nc","nc","nc","nc","nc","nc","nc","nc","nc","nc","nc"
"5","5","1","nc","nc","nc","nc","nc","nc","nc","nc","nc","nc","nc"
"5","6","1","c","c","c","c","c","c","c","c","c","c","c"
"5","6","2","nc","nc","nc","nc","nc","nc","nc","nc","nc","nc","nc"
"5","6","3","na","na","na","na","na","na","na","na","na","na","na"
"5","7","1","nc","nc","nc","nc","nc","nc","nc","nc","nc","nc","nc"
"5","7","2","na","na","na","na","na","na","na","na","na","na","na"
"5","7","3","nc","nc","nc","nc","nc","nc","nc","nc","nc","nc","nc"
"5","7","4","na","na","na","na","na","na","na","na","na","na","na"
"5","7","5","na","na","na","na","na","na","na","na","na","na","na"
"5","8","1","na","na","na","na","na","na","na","na","na","na","na"
"6","1","1","nc","nc","nc","nc","nc","nc","nc","nc","nc","nc","nc"
"6","1","2","na","na","na","na","na","na","na","na","na","na","na"
"6","1","3","nc","nc","nc","nc","nc","nc","nc","nc","nc","nc","nc"
"6","1","4","na","na","na","na","na","na","na","na","na","na","na"
"6","1","5","c","c","c","c","c","c","c","c","c","c","c"
"6","2","1","c","c","c","c","c","c","c","c","c","c","c"
"7","1","1","nc|!M! Modale « FAQ ». Le collapse ne présente pas d’attribut WAI-ARIA","nc|!M! Modale « FAQ ». Le collapse ne présente pas d’attribut WAI-ARIA
Modale « Où trouver mon numéro de télépaiement et la clé? ». Le collapse ne présente pas d’attribut WAI-ARIA","nc|!M! Modale « FAQ ». Le collapse ne présente pas d’attribut WAI-ARIA","nc|!M! Modale « FAQ ». Le collapse ne présente pas d’attribut WAI-ARIA","nc|!M! Modale « FAQ ». Le collapse ne présente pas d’attribut WAI-ARIA","nc|!M! Modale « FAQ ». Le collapse ne présente pas d’attribut WAI-ARIA","nc|!M! Modale « FAQ ». Le collapse ne présente pas d’attribut WAI-ARIA","nc|!M! Modale « FAQ ». Le collapse ne présente pas d’attribut WAI-ARIA","nc|!M! Modale « FAQ ». Le collapse ne présente pas d’attribut WAI-ARIA","nc|!M! Modale « FAQ ». Le collapse ne présente pas d’attribut WAI-ARIA","nc|!M! Modale « FAQ ». Le collapse ne présente pas d’attribut WAI-ARIA"
"7","1","2","","","","","","","","","","",""
"7","1","3","","","","","","","","","","",""
"7","2","1","nc","nc","nc","nc","nc","nc","nc","nc","nc","nc","nc"
"7","2","2","","","","","","","","","","",""
"7","3","1","nc|!M! Modale « FAQ ». Le collapse ne présente pas d’attribut WAI-ARIA","nc|!M! Modale « FAQ ». Le collapse ne présente pas d’attribut WAI-ARIA
Modale « Où trouver mon numéro de télépaiement et la clé? ». Le collapse ne présente pas d’attribut WAI-ARIA","nc|!M! Modale « FAQ ». Le collapse ne présente pas d’attribut WAI-ARIA","nc|!M! Modale « FAQ ». Le collapse ne présente pas d’attribut WAI-ARIA","nc|!M! Modale « FAQ ». Le collapse ne présente pas d’attribut WAI-ARIA","nc|!M! Modale « FAQ ». Le collapse ne présente pas d’attribut WAI-ARIA","nc|!M! Modale « FAQ ». Le collapse ne présente pas d’attribut WAI-ARIA","nc|!M! Modale « FAQ ». Le collapse ne présente pas d’attribut WAI-ARIA","nc|!M! Modale « FAQ ». Le collapse ne présente pas d’attribut WAI-ARIA","nc|!M! Modale « FAQ ». Le collapse ne présente pas d’attribut WAI-ARIA","nc|!M! Modale « FAQ ». Le collapse ne présente pas d’attribut WAI-ARIA"
"7","3","2","c","c","c","c","c","c","c","c","c","c","c"
"7","4","1","","","","","","","","","","",""
"7","5","1","c","!F! Formulaire. Manque `role=status` sur le message contextuel d’aide","c","c","c","c","c","c","c","c","c"
"7","5","2","","","","","","","","","","",""
"7","5","3","na","na","na","na","na","na","na","na","na","na","na"
"8","1","1","c","c","c","c","c","c","c","c","c","c","c"
"8","1","2","c","c","c","c","c","c","c","c","c","c","c"
"8","1","3","c","c","c","c","c","c","c","c","c","c","c"
"8","2","1","c","c","c","c","c","c","c","c","c","c","c"
"8","3","1","c","c","c","c","c","c","c","c","c","c","c"
"8","4","1","nc|!D! L’attribut semble être mise à jour de manière aléatoire","nc|!D! L’attribut semble être mise à jour de manière aléatoire","nc|!D! L’attribut semble être mise à jour de manière aléatoire","nc|!D! L’attribut semble être mise à jour de manière aléatoire","nc|!D! L’attribut semble être mise à jour de manière aléatoire","nc|!D! L’attribut semble être mise à jour de manière aléatoire","nc|!D! L’attribut semble être mise à jour de manière aléatoire","nc|!D! L’attribut semble être mise à jour de manière aléatoire","nc|!D! L’attribut semble être mise à jour de manière aléatoire","nc|!D! L’attribut semble être mise à jour de manière aléatoire","nc|!D! L’attribut semble être mise à jour de manière aléatoire"
"8","5","1","c","c","c","c","c","c","c","c","c","c","c"
"8","6","1","nc|!d! Changer le contenu de la balise title","nc|!d! Changer le contenu de la balise title","nc|!d! Changer le contenu de la balise title","nc|!d! Changer le contenu de la balise title","nc|!d! Changer le contenu de la balise title","nc|!d! Changer le contenu de la balise title","nc|!d! Changer le contenu de la balise title","nc|!d! Changer le contenu de la balise title","nc|!d! Changer le contenu de la balise title","nc|!d! Changer le contenu de la balise title","nc|!d! Changer le contenu de la balise title"
"8","7","1","nc","nc","nc","nc","nc","nc","nc","nc","nc","nc","nc"
"8","8","1","nc","nc","nc","nc","nc","nc","nc","nc","nc","nc","nc"
"8","9","1","c","c","c","c","c","c","c","c","c","c","c"
"8","10","1","na","na","na","na","na","na","na","na","na","na","na"
"8","10","2","na","na","na","na","na","na","na","na","na","na","na"
"9","1","1","nc","nc","nc","nc","nc","nc","nc","nc","nc","nc","nc"
"9","1","2","nc","nc","nc","nc","nc","nc","nc","nc","nc","nc","nc"
"9","1","3","c","c","c","c","c","c","c","c","c","c","c"
"9","2","1","nc|!m! Changer la hiérarchie des titres","nc|!m! Changer la hiérarchie des titres","nc|!m! Changer la hiérarchie des titres","nc|!m! Changer la hiérarchie des titres","nc|!m! Changer la hiérarchie des titres","nc|!m! Changer la hiérarchie des titres","nc|!m! Changer la hiérarchie des titres","nc|!m! Changer la hiérarchie des titres","nc|!m! Changer la hiérarchie des titres","nc|!m! Changer la hiérarchie des titres","nc|!m! Changer la hiérarchie des titres"
"9","3","1","c","c","c","c","c","c","c","c","c","c","c"
"9","3","2","c","c","c","c","c","c","c","c","c","c","c"
"9","3","3","c","c","c","c","c","c","c","c","c","c","c"
"9","4","1","na","na","na","na","na","na","na","na","na","na","na"
"9","4","2","na","na","na","na","na","na","na","na","na","na","na"
"10","1","1","c","c","c","c","c","c","c","c","c","c","c"
"10","1","2","c","c","c","c","c","c","c","c","c","c","c"
"10","1","3","c","c","c","c","c","c","c","c","c","c","c"
"10","2","1","nc","nc","nc","nc","nc","nc","nc","nc","nc","nc","nc"
"10","3","1","nc","nc","nc","nc","nc","nc","nc","nc","nc","nc","nc"
"10","4","1","c","c","c","c","c","c","c","c","c","c","c"
"10","4","2","nc","nc","nc","nc","nc","nc","nc","nc","nc","nc","nc"
"10","4","3","nc","nc","nc","nc","nc","nc","nc","nc","nc","nc","nc"
"10","5","1","","","","","","","","","","",""
"10","5","2","","","","","","","","","","",""
"10","5","3","nc","nc","nc","nc","nc","nc","nc","nc","nc","nc","nc"
"10","6","1","","","","","","","","","","",""
"10","7","1","","","","","","","","","","",""
"10","8","1","nc","nc","nc","nc","nc","nc","nc","nc","nc","nc","nc"
"10","9","1","","","","","","","","","","",""
"10","9","2","","","","","","","","","","",""
"10","9","3","na","na","na","na","na","na","na","na","na","na","na"
"10","9","4","na","na","na","na","na","na","na","na","na","na","na"
"10","10","1","","","","","","","","","","",""
"10","10","2","","","","","","","","","","",""
"10","10","3","","","","","","","","","","",""
"10","10","4","","","","","","","","","","",""
"10","11","1","","","","","","","","","","",""
"10","11","2","","","","","","","","","","",""
"10","12","1","","","","","","","","","","",""
"10","13","1","","","","","","","","","","",""
"10","13","2","","","","","","","","","","",""
"10","13","3","","","","","","","","","","",""
"10","14","1","","","","","","","","","","",""
"10","14","2","","","","","","","","","","",""
"11","1","1","na","c","na","c","na","na","na","na","?","na","na"
"11","1","2","na","c","na","na","na","na","na","na","?","na","na"
"11","1","3","na","na","na","na","na","na","na","na","na","na","na"
"11","2","1","na","c","na","c","na","na","na","na","?","na","na"
"11","2","2","na","na","na","na","na","na","na","na","na","na","na"
"11","2","3","na","na","na","na","na","na","na","na","na","na","na"
"11","2","4","na","na","na","na","na","na","na","na","na","na","na"
"11","2","5","","","","","","","","","","",""
"11","2","6","na","na","na","na","na","na","na","na","na","na","na"
"11","3","1","na","na","na","na","na","na","na","na","na","na","na"
"11","3","2","na","na","na","na","na","na","na","na","na","na","na"
"11","4","1","na","c","na","c","na","na","na","na","?","na","na"
"11","4","2","na","c","na","c","na","na","na","na","?","na","na"
"11","4","3","na","c","na","c","na","na","na","na","?","na","na"
"11","5","1","na","c","na","c","na","na","na","na","?","na","na"
"11","6","1","na","nc","na","nc","na","na","na","na","?","na","na"
"11","7","1","na","nc","na","nc","na","na","na","na","?","na","na"
"11","8","1","na","na","na","na","na","na","na","na","na","na","na"
"11","8","2","na","na","na","na","na","na","na","na","na","na","na"
"11","8","3","na","na","na","na","na","na","na","na","na","na","na"
"11","9","1","na","nc","na","nc","na","na","na","na","?","na","na"
"11","9","2","na","c","na","c","na","na","na","na","?","na","na"
"11","10","1","na","nc","na","nc","na","na","na","na","?","na","na"
"11","10","2","na","nc","na","nc","na","na","na","na","?","na","na"
"11","10","3","na","nc","na","nc","na","na","na","na","?","na","na"
"11","10","4","na","nc","na","nc","na","na","na","na","?","na","na"
"11","10","5","na","na","na","na","na","na","na","na","na","na","na"
"11","10","6","na","nc","na","nc","na","na","na","na","?","na","na"
"11","10","7","na","nc","na","nc","na","na","na","na","?","na","na"
"11","11","1","na","nc","na","nc","na","na","na","na","?","na","na"
"11","11","2","na","nc","na","nc","na","na","na","na","?","na","na"
"11","12","1","na","na","na","na","na","na","na","na","na","na","na"
"11","12","2","na","na","na","na","na","na","na","na","na","na","na"
"11","13","1","na","na","na","!F! Boîte de demande réception par mail ","na","na","na","na","na","na","na"
"12","1","1","?","?","?","?","?","?","?","?","?","?","?"
"12","2","1","c","c","c","c","c","c","c","c","c","c","c"
"12","3","1","na","na","na","na","na","nc","na","na","na","na","na"
"12","3","2","na","na","na","na","na","c","c","c","c","c","c"
"12","3","3","na","na","na","na","na","nc","na","na","na","na","na"
"12","4","1","c","c","c","c","c","c","c","c","c","c","c"
"12","4","2","c","c","c","c","c","c","c","c","c","c","c"
"12","4","3","c","c","c","c","c","c","c","c","c","c","c"
"12","5","1","na","na","na","na","na","na","na","na","na","na","na"
"12","5","2","na","na","na","na","na","na","na","na","na","na","na"
"12","5","3","na","na","na","na","na","na","na","na","na","na","na"
"12","6","1","nc|!f! Revoir les landmark et leur `id`","nc|!f! Revoir les landmark et leur `id`","nc|!f! Revoir les landmark et leur `id`","nc|!f! Revoir les landmark et leur `id`","nc|!f! Revoir les landmark et leur `id`","nc|!f! Revoir les landmark et leur `id`","nc|!f! Revoir les landmark et leur `id`","nc|!f! Revoir les landmark et leur `id`","nc|!f! Revoir les landmark et leur `id`","nc|!f! Revoir les landmark et leur `id`","nc|!f! Revoir les landmark et leur `id`"
"12","7","1","nc|!F! Ajouter un menu d’évitement","nc|!F! Ajouter un menu d’évitement","nc|!F! Ajouter un menu d’évitement","nc|!F! Ajouter un menu d’évitement","nc|!F! Ajouter un menu d’évitement","nc|!F! Ajouter un menu d’évitement","nc|!F! Ajouter un menu d’évitement","nc|!F! Ajouter un menu d’évitement","nc|!F! Ajouter un menu d’évitement","nc|!F! Ajouter un menu d’évitement","nc|!F! Ajouter un menu d’évitement"
"12","7","2","na","na","na","na","na","na","na","na","na","na","na"
"12","8","1","c","c","c","c","c","c","c","c","c","c","c"
"12","8","2","c","c","c","c","c","c","c","c","c","c","c"
"12","9","1","c","c","c","c","c","c","c","c","c","c","c"
"12","10","1","na","na","na","na","na","na","na","na","na","na","na"
"12","11","1","c","c","!m! Aide sur le élément radio quand consignation","c","c","c","c","c","c","c","c"
"13","1","1","na","na","na","na","na","na","na","na","na","na","na"
"13","1","2","na","na","na","na","na","na","na","na","na","na","na"
"13","1","3","na","na","na","na","na","na","na","na","na","na","na"
"13","1","4","na","na","na","na","na","na","na","na","na","na","na"
"13","2","1","nc|!F! Lien du footer","nc|!F! Lien du footer","nc|!F! Lien du footer","nc|!F! Lien du footer","nc|!F! Lien du footer","nc|!F! Lien du footer","nc|!F! Lien du footer","nc|!F! Lien du footer","nc|!F! Lien du footer","nc|!F! Lien du footer","nc|!F! Lien du footer"
"13","3","1","?","?","?","?","?","?","?","?","?","?","?"
"13","4","1","?","?","?","?","?","?","?","?","?","?","?"
"13","5","1","na","na","na","na","na","na","na","na","na","na","na"
"13","6","1","na","na","na","na","na","na","na","na","na","na","na"
"13","7","1","na","na","na","na","na","na","na","na","na","na","na"
"13","7","2","na","na","na","na","na","na","na","na","na","na","na"
"13","7","3","na","na","na","na","na","na","na","na","na","na","na"
"13","8","1","na","na","na","na","na","na","na","na","na","na","na"
"13","8","2","na","na","na","na","na","na","na","na","na","na","na"
"13","9","1","nc|!M! Toutes les modales sortent potentiellement de la page ","nc|!M! Toutes les modales sortent potentiellement de la page","nc|!M! Toutes les modales sortent potentiellement de la page","nc|!M! Toutes les modales sortent potentiellement de la page","nc|!M! Toutes les modales sortent potentiellement de la page","nc|!M! Toutes les modales sortent potentiellement de la page","nc|!M! Toutes les modales sortent potentiellement de la page","nc|!M! Toutes les modales sortent potentiellement de la page","nc|!M! Toutes les modales sortent potentiellement de la page","nc|!M! Toutes les modales sortent potentiellement de la page","nc|!M! Toutes les modales sortent potentiellement de la page"
"13","10","1","na","na","na","na","na","na","na","na","na","na","na"
"13","10","2","na","na","na","na","na","na","na","na","na","na","na"
"13","11","1","na","na","na","na","na","na","na","na","na","na","na"
"13","12","1","na","na","na","na","na","na","na","na","na","na","na"
"13","12","2","na","na","na","na","na","na","na","na","na","na","na"
"13","12","3","na","na","na","na","na","na","na","na","na","na","na"
