Thématiques,Critères,Tests,Accueil
1,1,1,nc
1,1,2,na
1,1,3,na
1,1,4,na
1,1,5,na
1,1,6,na
1,1,7,na
1,1,8,na
1,2,1,
1,2,2,
1,2,3,
1,2,4,
1,2,5,
1,2,6,
1,3,1,
1,3,2,
1,3,3,
1,3,4,
1,3,5,
1,3,6,
1,3,7,
1,3,8,
1,3,9,
1,4,1,
1,4,2,
1,4,3,
1,4,4,
1,4,5,
1,4,6,
1,4,7,
1,5,1,
1,5,2,
1,6,1,
1,6,10,
1,6,2,
1,6,3,
1,6,4,
1,6,5,
1,6,6,
1,6,7,
1,6,8,
1,6,9,
1,7,1,
1,7,2,
1,7,3,
1,7,4,
1,7,5,
1,7,6,
1,8,1,
1,8,2,
1,8,3,
1,8,4,
1,8,5,
1,9,1,
1,9,2,
1,9,3,
1,9,4,
1,9,5,
2,1,1,
2,2,1,
3,1,1,na
3,1,2,na
3,1,3,na
3,1,4,c
3,1,5,na
3,1,6,na
3,2,1,
3,2,2,
3,2,3,
3,2,4,
3,2,5,
3,3,1,
3,3,2,
3,3,3,
3,3,4,
4,1,1,na
4,1,2,na
4,1,3,na
4,2,1,
4,2,2,
4,2,3,
4,3,1,
4,3,2,
4,4,1,
4,5,1,
4,5,2,
4,6,1,
4,6,2,
4,7,1,
4,8,1,
4,8,2,
4,9,1,
4,10,1,na
4,11,1,
4,11,2,
4,11,3,
4,12,1,
4,12,2,
4,13,1,
4,13,2,
5,1,1,
5,2,1,
5,3,1,na
5,4,1,
5,5,1,
5,6,1,
5,6,2,
5,6,3,
5,7,1,
5,7,2,
5,7,3,
5,7,4,
5,7,5,
5,8,1,
6,1,1,nc
6,1,2,nc
6,1,3,na
6,1,4,na
6,1,5,c
6,2,1,c
7,1,1,nc
7,1,2,nc
7,1,3,nc
7,2,1,
7,2,2,
7,3,1,c
7,3,2,
7,4,1,
7,5,1,
7,5,2,
7,5,3,
8,1,1,
8,1,2,
8,1,3,
8,2,1,
8,3,1,c
8,4,1,c
8,5,1,c
8,6,1,
8,7,1,
8,8,1,
8,9,1,
8,10,1,
8,10,2,
9,1,1,nc
9,1,2,nc
9,1,3,nc
9,2,1,
9,3,1,
9,3,2,
9,3,3,
9,4,1,
9,4,2,
10,1,1,
10,1,2,
10,1,3,
10,2,1,
10,3,1,c
10,4,1,
10,4,2,
10,4,3,
10,5,1,
10,5,2,
10,5,3,
10,6,1,nc
10,7,1,c
10,8,1,
10,9,1,
10,9,2,
10,9,3,
10,9,4,
10,10,1,
10,10,2,
10,10,3,
10,10,4,
10,11,1,
10,11,2,
10,12,1,
10,13,1,
10,13,2,
10,13,3,
10,14,1,
10,14,2,
11,1,1,na
11,1,2,na
11,1,3,na
11,2,1,
11,2,2,
11,2,3,
11,2,4,
11,2,5,
11,2,6,
11,3,1,
11,3,2,
11,4,1,
11,4,2,
11,4,3,
11,5,1,na
11,6,1,na
11,7,1,
11,8,1,
11,8,2,
11,8,3,
11,9,1,na
11,9,2,na
11,10,1,na
11,10,2,na
11,10,3,na
11,10,4,na
11,10,5,na
11,10,6,na
11,10,7,na
11,11,1,
11,11,2,
11,12,1,
11,12,2,
11,13,1,
12,1,1,
12,2,1,
12,3,1,
12,3,2,
12,3,3,
12,4,1,
12,4,2,
12,4,3,
12,5,1,
12,5,2,
12,5,3,
12,6,1,
12,7,1,
12,7,2,
12,8,1,c
12,8,2,nc
12,9,1,c
12,10,1,
12,11,1,
13,1,1,
13,1,2,
13,1,3,
13,1,4,
13,2,1,
13,3,1,
13,4,1,
13,5,1,
13,6,1,
13,7,1,
13,7,2,
13,7,3,
13,8,1,
13,8,2,
13,9,1,
13,10,1,
13,10,2,
13,11,1,
13,12,1,
13,12,2,
13,12,3,
