"Thématiques","Critères","Dépot Fichier","Retrait Fichier"
"1","1","c","na"
"1","2","na","na"
"1","3","c","na"
"1","4","na","na"
"1","5","na","na"
"1","6","na","na"
"1","7","na","na"
"1","8","c","c"
"1","9","na","na"
"2","1","na","na"
"2","2","na","na"
"3","1","c","c"
"3","2","nc","nc"
"3","3","nc","na"
"4","1","na","na"
"4","2","na","na"
"4","3","na","na"
"4","4","na","na"
"4","5","na","na"
"4","6","na","na"
"4","7","na","na"
"4","8","na","na"
"4","9","na","na"
"4","10","na","na"
"4","11","na","na"
"4","12","na","na"
"4","13","na","na"
"5","1","na","na"
"5","2","na","na"
"5","3","na","na"
"5","4","na","na"
"5","5","na","na"
"5","6","na","c"
"5","7","na","nc"
"5","8","na","na"
"6","1","c","c"
"6","2","c","c"
"7","1","na","na"
"7","2","na","na"
"7","3","na","na"
"7","4","na","na"
"7","5","na","na"
"8","1","c","c"
"8","2","c","nc"
"8","3","nc","nc"
"8","4","na","na"
"8","5","c","c"
"8","6","nc","nc"
"8","7","na","na"
"8","8","na","na"
"8","9","nc","nc"
"8","10","na","na"
"9","1","nc","nc"
"9","2","nc","nc"
"9","3","na","na"
"9","4","na","na"
"10","1","nc","nc"
"10","2","c","c"
"10","3","c","c"
"10","4","c","c"
"10","5","c","c"
"10","6","na","c"
"10","7","c","c"
"10","8","na","na"
"10","9","c","c"
"10","10","c","c"
"10","11","c","c"
"10","12","c","c"
"10","13","na","na"
"10","14","na","na"
"11","1","na","na"
"11","2","na","na"
"11","3","na","na"
"11","4","na","na"
"11","5","na","na"
"11","6","na","na"
"11","7","na","na"
"11","8","na","na"
"11","9","c","na"
"11","10","na","na"
"11","11","na","na"
"11","12","na","na"
"11","13","na","na"
"12","1","nc","na"
"12","2","na","na"
"12","3","na","na"
"12","4","na","na"
"12","5","na","na"
"12","6","na","na"
"12","7","na","na"
"12","8","c","c"
"12","9","c","c"
"12","10","na","na"
"12","11","na","na"
"13","1","na","na"
"13","2","na","na"
"13","3","na","na"
"13","4","na","na"
"13","5","na","na"
"13","6","na","na"
"13","7","na","na"
"13","8","na","na"
"13","9","c","c"
"13","10","na","na"
"13","11","nc","na"
"13","12","na","na"
