"Thématiques","Critères","Tests","Page de saisie","Page de confirmation"
"1","1","1","nc","nc"
"1","1","2","na","na"
"1","1","3","na","na"
"1","1","4","na","na"
"1","1","5","na","na"
"1","1","6","na","na"
"1","1","7","na","na"
"1","1","8","na","na"
"1","2","1","c","na"
"1","2","2","na","na"
"1","2","3","na","na"
"1","2","4","na","na"
"1","2","5","na","na"
"1","2","6","na","na"
"1","3","1","c","na"
"1","3","2","na","na"
"1","3","3","na","na"
"1","3","4","na","na"
"1","3","5","na","na"
"1","3","6","na","na"
"1","3","7","na","na"
"1","3","8","na","na"
"1","3","9","na","na"
"1","4","1","na","na"
"1","4","2","na","na"
"1","4","3","na","na"
"1","4","4","na","na"
"1","4","5","na","na"
"1","4","6","na","na"
"1","4","7","na","na"
"1","5","1","na","na"
"1","5","2","na","na"
"1","6","1","na","na"
"1","6","2","na","na"
"1","6","3","na","na"
"1","6","4","na","na"
"1","6","5","na","na"
"1","6","6","na","na"
"1","6","7","na","na"
"1","6","8","na","na"
"1","6","9","na","na"
"1","6","10","na","na"
"1","7","1","na","na"
"1","7","2","na","na"
"1","7","3","na","na"
"1","7","4","na","na"
"1","7","5","na","na"
"1","7","6","na","na"
"1","8","1","nc","nc"
"1","8","2","na","na"
"1","8","3","na","na"
"1","8","4","na","na"
"1","8","5","na","na"
"1","9","1","na","na"
"1","9","2","na","na"
"1","9","3","na","na"
"1","9","4","na","na"
"1","9","5","na","na"
"2","1","1","na","na"
"2","2","1","na","na"
"3","1","1","na","na"
"3","1","2","na","na"
"3","1","3","na","na"
"3","1","4","na","na"
"3","1","5","na","na"
"3","1","6","na","na"
"3","2","1","c","na"
"3","2","2","c","na"
"3","2","3","c","na"
"3","2","4","c","na"
"3","2","5","na","na"
"3","3","1","nc|Bouton annuler","na"
"3","3","2","nc|Bouton annuler","na"
"3","3","3","nc|Bouton annuler","na"
"3","3","4","na","na"
"4","1","1","na","na"
"4","1","2","na","na"
"4","1","3","na","na"
"4","2","1","na","na"
"4","2","2","na","na"
"4","2","3","na","na"
"4","3","1","na","na"
"4","3","2","na","na"
"4","4","1","na","na"
"4","5","1","na","na"
"4","5","2","na","na"
"4","6","1","na","na"
"4","6","2","na","na"
"4","7","1","na","na"
"4","8","1","na","na"
"4","8","2","na","na"
"4","9","1","na","na"
"4","10","1","na","na"
"4","11","1","na","na"
"4","11","2","na","na"
"4","11","3","na","na"
"4","12","1","na","na"
"4","12","2","na","na"
"4","13","1","na","na"
"4","13","2","na","na"
"5","1","1","na","na"
"5","2","1","na","na"
"5","3","1","na","na"
"5","4","1","na","na"
"5","5","1","na","na"
"5","6","1","na","na"
"5","6","2","na","na"
"5","6","3","na","na"
"5","7","1","na","na"
"5","7","2","na","na"
"5","7","3","na","na"
"5","7","4","na","na"
"5","7","5","na","na"
"5","8","1","na","na"
"6","1","1","nc",
"6","1","2","na","na"
"6","1","3","na","na"
"6","1","4","na","na"
"6","1","5","na","na"
"6","2","1","c","c"
"7","1","1","Aide cryptogramme","na"
"7","1","2","Aide cryptogramme","na"
"7","1","3","c","na"
"7","2","1","Modale cryptogramme","na"
"7","2","2","na","na"
"7","3","1","Aide cryptogramme","na"
"7","3","2","Modale cryptogramme","na"
"7","4","1","Modale cryptogramme fermer","na"
"7","5","1","na","na"
"7","5","2","Zone message erreur formulaire","na"
"7","5","3","na","na"
"8","1","1","c","c"
"8","1","2","c","c"
"8","1","3","c","c"
"8","2","1","nc","nc"
"8","3","1","c","c"
"8","4","1","c","c"
"8","5","1","c","c"
"8","6","1","c","c"
"8","7","1","na","na"
"8","8","1","na","na"
"8","9","1","c","c"
"8","10","1","na","na"
"8","10","2","na","na"
"9","1","1","c","c"
"9","1","2","Bandeau pas de titre","Bandeau pas de titre"
"9","1","3","c","c"
"9","2","1","c",
"9","3","1","Liste vide",
"9","3","2","na",
"9","3","3","c",
"9","4","1","na",
"9","4","2","na",
"10","1","1","nc|Modale cryptogramme",
"10","1","2","nc|Modale cryptogramme",
"10","1","3","c","c"
"10","2","1","nc|Modale cryptogramme",
"10","3","1","c",
"10","4","1","c",
"10","4","2","c",
"10","4","3","c",
"10","5","1","c",
"10","5","2","c",
"10","5","3","c",
"10","6","1","na",
"10","7","1","c",
"10","8","1","nc|Modale cryptogramme",
"10","9","1","na",
"10","9","2","nc|Aide cryptogramme",
"10","9","3","na",
"10","9","4","na",
"10","10","1","na",
"10","10","2","nc|Aide cryptogramme",
"10","10","3","na",
"10","10","4","na",
"10","11","1","c",
"10","11","2","c",
"10","12","1","c",
"10","13","1","c",
"10","13","2","na",
"10","13","3","nc|Modale cryptogramme",
"10","14","1","nc|Modale cryptogramme",
"10","14","2","?",
"11","1","1","c",
"11","1","2","c",
"11","1","3","na",
"11","2","1","c",
"11","2","2","c",
"11","2","3","na",
"11","2","4","na",
"11","2","5","na",
"11","2","6","nc|Aide cryptogramme",
"11","3","1","na",
"11","3","2","na",
"11","4","1","c",
"11","4","2","na",
"11","4","3","na",
"11","5","1","na",
"11","6","1","c",
"11","7","1","c",
"11","8","1","c",
"11","8","2","na",
"11","8","3","na",
"11","9","1","nc|Bouton confirmer",
"11","9","2","c",
"11","10","1","nc|Pas d’indication de champs requis",
"11","10","2","na",
"11","10","3","nc",
"11","10","4","nc",
"11","10","5","c",
"11","10","6","nc",
"11","10","7","nc",
"11","11","1","nc",
"11","11","2","nc",
"11","12","1","na",
"11","12","2","na",
"11","13","1","na",
"12","1","1","na",
"12","2","1","na",
"12","3","1","na",
"12","3","2","na",
"12","3","3","na",
"12","4","1","na",
"12","4","2","na",
"12","4","3","na",
"12","5","1","na",
"12","5","2","na",
"12","5","3","na",
"12","6","1","c",
"12","7","1","?",
"12","7","2","nc",
"12","8","1","c",
"12","8","2","c",
"12","9","1","c",
"12","10","1","na",
"12","11","1","na",
"13","1","1","na",
"13","1","2","?",
"13","1","3","nc",
"13","1","4","nc",
"13","2","1","na",
"13","3","1","na",
"13","4","1","?",
"13","5","1","na",
"13","6","1","na",
"13","7","1","na",
"13","7","2","na",
"13","7","3","na",
"13","8","1","na",
"13","8","2","na",
"13","9","1","c",
"13","10","1","na",
"13","10","2","na",
"13","11","1","na",
"13","12","1","na",
"13","12","2","na",
"13","12","3","na",
