"Thématiques","Critères","Tests","Accueil","Vérification des informations de paiement","Justificatif de paiement","Actualités","Plan du site","FAQ","Modalités de règlement","Saisie Indicatif","Informations du virement","Erreur"
"1","1","1","c","c","c","c","c","c","c","c","c","c"
"1","1","2","na","na","na","na","na","na","na","na","na","na"
"1","1","3","na","na","na","na","na","na","na","na","na","na"
"1","1","4","na","na","na","na","na","na","na","na","na","na"
"1","1","5","na","na","na","na","na","na","na","na","na","na"
"1","1","6","na","na","na","na","na","na","na","na","na","na"
"1","1","7","na","na","na","na","na","na","na","na","na","na"
"1","1","8","na","na","na","na","na","na","na","na","na","na"
"1","2","1","na","na","na","na","na","na","na","na","na","na"
"1","2","2","na","na","na","na","na","na","na","na","na","na"
"1","2","3","na","na","na","na","na","na","na","na","na","na"
"1","2","4","na","na","na","na","na","na","na","na","na","na"
"1","2","5","na","na","na","na","na","na","na","na","na","na"
"1","2","6","na","na","na","na","na","na","na","na","na","na"
"1","3","1","nc","c","c","c","c","c","c","nc","c","c"
"1","3","2","na","na","na","na","na","na","na","na","na","na"
"1","3","3","na","na","na","na","na","na","na","na","na","na"
"1","3","4","na","na","na","na","na","na","na","na","na","na"
"1","3","5","na","na","na","na","na","na","na","na","na","na"
"1","3","6","na","na","na","na","na","na","na","na","na","na"
"1","3","7","na","na","na","na","na","na","na","na","na","na"
"1","3","8","na","na","na","na","na","na","na","na","na","na"
"1","3","9","c","c","c","c","c","c","c","c","c","c"
"1","4","1","na","na","na","na","na","na","na","na","na","na"
"1","4","2","na","na","na","na","na","na","na","na","na","na"
"1","4","3","na","na","na","na","na","na","na","na","na","na"
"1","4","4","na","na","na","na","na","na","na","na","na","na"
"1","4","5","na","na","na","na","na","na","na","na","na","na"
"1","4","6","na","na","na","na","na","na","na","na","na","na"
"1","4","7","na","na","na","na","na","na","na","na","na","na"
"1","5","1","na","na","na","na","na","na","na","na","na","na"
"1","5","2","na","na","na","na","na","na","na","na","na","na"
"1","6","1","nc|!F! Modale « Où trouver mon numéro de télépaiement et la clé? » & Modale « par application » && « par téléphone »","c","na","na","na","na","na","nc","na","na"
"1","6","2","na","na","na","na","na","na","na","na","na","na"
"1","6","3","na","na","na","na","na","na","na","na","na","na"
"1","6","4","na","na","na","na","na","na","na","na","na","na"
"1","6","5","na","na","na","na","na","na","na","na","na","na"
"1","6","6","na","na","na","na","na","na","na","na","na","na"
"1","6","7","na","na","na","na","na","na","na","na","na","na"
"1","6","8","na","na","na","na","na","na","na","na","na","na"
"1","6","9","na","na","na","na","na","na","na","na","na","na"
"1","6","10","na","na","na","na","na","na","na","na","na","na"
"1","7","1","na","na","na","na","na","na","na","na","na","na"
"1","7","2","na","na","na","na","na","na","na","na","na","na"
"1","7","3","na","na","na","na","na","na","na","na","na","na"
"1","7","4","na","na","na","na","na","na","na","na","na","na"
"1","7","5","na","na","na","na","na","na","na","na","na","na"
"1","7","6","na","na","na","na","na","na","na","na","na","na"
"1","8","1","c","c","c","c","c","c","c","c","c","c"
"1","8","2","na","na","na","na","na","na","na","na","na","na"
"1","8","3","na","na","na","na","na","na","na","na","na","na"
"1","8","4","na","na","na","na","na","na","na","na","na","na"
"1","8","5","na","na","na","na","na","na","na","na","na","na"
"1","9","1","na","na","na","na","na","na","na","na","na","na"
"1","9","2","na","na","na","na","na","na","na","na","na","na"
"1","9","3","na","na","na","na","na","na","na","na","na","na"
"1","9","4","na","na","na","na","na","na","na","na","na","na"
"1","9","5","na","na","na","na","na","na","na","na","na","na"
"2","1","1","na","na","na","na","na","na","na","na","na","na"
"2","2","1","na","na","na","na","na","na","na","na","na","na"
"3","1","1","na","na","na","na","na","na","na","na","na","na"
"3","1","2","na","na","na","na","na","na","na","na","na","na"
"3","1","3","na","na","na","na","na","na","na","na","na","na"
"3","1","4","na","na","na","na","na","na","na","na","na","na"
"3","1","5","na","na","na","na","na","na","na","na","na","na"
"3","1","6","na","na","na","na","na","na","na","na","na","na"
"3","2","1","c","c","c","c","c","c","c","c","c","c"
"3","2","2","nc|!M! Titre de la zone actualités","nc|!M! Zone information du montant","c","c","c","c","c","c","c","c"
"3","2","3","c","c","c","c","c","c","c","c","c","c"
"3","2","4","c","c","c","c","c","c","c","c","c","c"
"3","2","5","c","c","c","c","c","c","c","c","c","c"
"3","3","1","c","c","c","c","c","c","c","c","c","c"
"3","3","2","c","c","c","c","c","c","c","c","c","c"
"3","3","3","c","c","c","c","c","c","c","c","c","c"
"3","3","4","c","c","c","c","c","c","c","c","c","c"
"4","1","1","na","na","na","na","na","na","na","na","na","na"
"4","1","2","na","na","na","na","na","na","na","na","na","na"
"4","1","3","na","na","na","na","na","na","na","na","na","na"
"4","2","1","na","na","na","na","na","na","na","na","na","na"
"4","2","2","na","na","na","na","na","na","na","na","na","na"
"4","2","3","na","na","na","na","na","na","na","na","na","na"
"4","3","1","na","na","na","na","na","na","na","na","na","na"
"4","3","2","na","na","na","na","na","na","na","na","na","na"
"4","4","1","na","na","na","na","na","na","na","na","na","na"
"4","5","1","na","na","na","na","na","na","na","na","na","na"
"4","5","2","na","na","na","na","na","na","na","na","na","na"
"4","6","1","na","na","na","na","na","na","na","na","na","na"
"4","6","2","na","na","na","na","na","na","na","na","na","na"
"4","7","1","na","na","na","na","na","na","na","na","na","na"
"4","8","1","na","na","na","na","na","na","na","na","na","na"
"4","8","2","na","na","na","na","na","na","na","na","na","na"
"4","9","1","na","na","na","na","na","na","na","na","na","na"
"4","10","1","na","na","na","na","na","na","na","na","na","na"
"4","11","1","na","na","na","na","na","na","na","na","na","na"
"4","11","2","na","na","na","na","na","na","na","na","na","na"
"4","11","3","na","na","na","na","na","na","na","na","na","na"
"4","12","1","na","na","na","na","na","na","na","na","na","na"
"4","12","2","na","na","na","na","na","na","na","na","na","na"
"4","13","1","na","na","na","na","na","na","na","na","na","na"
"4","13","2","na","na","na","na","na","na","na","na","na","na"
"5","1","1","na","na","na","na","na","c","na","na","na","na"
"5","2","1","na","na","na","na","na","c","na","na","na","na"
"5","3","1","na","na","na","na","na","na","na","na","na","na"
"5","4","1","c","c","c","c","c","c","c","c","c","c"
"5","5","1","c","c","c","c","c","c","c","c","c","c"
"5","6","1","c","c","c","c","c","c","c","c","c","c"
"5","6","2","nc","nc","nc","nc","nc","nc","nc","nc","nc","nc"
"5","6","3","na","na","na","na","na","na","na","na","na","na"
"5","7","1","na","na","na","na","na","nc","na","na","na","na"
"5","7","2","na","na","na","na","na","na","na","na","na","na"
"5","7","3","na","na","na","na","na","nc","na","na","na","na"
"5","7","4","na","na","na","na","na","na","na","na","na","na"
"5","7","5","na","na","na","na","na","na","na","na","na","na"
"5","8","1","na","na","na","na","na","na","na","na","na","na"
"6","1","1","c","nc|!M! Intitulé des boutons ""annuler""","c","c","c","c","nc|!M! Intitulé des boutons ""annuler""","nc|!M! Intitulé des boutons ""annuler""","c","nc"
"6","1","2","na","na","na","na","na","na","na","na","na","na"
"6","1","3","na","na","na","na","na","na","na","na","na","na"
"6","1","4","na","na","na","na","na","na","na","na","na","na"
"6","1","5","c","c","c","c","c","c","c","c","c","c"
"6","2","1","c","c","c","c","c","c","c","c","c","c"
"7","1","1","nc|!M! Les Modales. L’accordéon ne présente pas d’attribut WAI-ARIA, dans ""ou trouver mon numéro de télépaiment""","na","nc|!M! Modales du menu de gauche","na","na","na","c","c","na","na"
"7","1","2","nc","nc","nc","nc","nc","nc","nc","nc","nc","nc"
"7","1","3","nc","nc","nc","nc","nc","nc","nc","nc","nc","nc"
"7","2","1","nc","nc","nc","nc","nc","nc","nc","nc","nc","nc"
"7","2","2","nc","nc","nc","nc","nc","nc","nc","nc","nc","nc"
"7","3","1","nc","nc","nc","nc","nc","nc","nc","nc","nc","nc"
"7","3","2","c","c","c","c","c","c","c","c","c","c"
"7","4","1","c","c","nc","na","na","na","nc","nc","nc","na"
"7","5","1","c","c","nc","na","na","na","nc","nc","nc","na"
"7","5","2","c","c","c","c","c","c","c","c","c","c"
"7","5","3","c","c","c","c","c","c","c","c","c","c"
"8","1","1","c","c","c","c","c","c","c","c","c","c"
"8","1","2","c","c","c","c","c","c","c","c","c","c"
"8","1","3","c","c","c","c","c","c","c","c","c","c"
"8","2","1","nc","nc","nc","nc","nc","nc","nc","nc","nc","nc"
"8","3","1","c","c","c","c","c","c","c","c","c","c"
"8","4","1","nc|L’attribut lang n'est pas actualisé","nc|L’attribut lang n'est pas actualisé","nc|L’attribut lang n'est pas actualisé","nc|L’attribut lang n'est pas actualisé","nc|L’attribut lang n'est pas actualisé","nc|L’attribut lang n'est pas actualisé","nc|L’attribut lang n'est pas actualisé","nc|L’attribut lang n'est pas actualisé","nc|L’attribut lang n'est pas actualisé","nc|L’attribut lang n'est pas actualisé"
"8","5","1","c","c","c","c","c","c","c","c","c","c"
"8","6","1","c","c","c","c","c","c","c","c","c","c"
"8","7","1","nc|!M! Manque une indication sur le menu de langue","nc|!M! Manque une indication sur le menu de langue","nc|!M! Manque une indication sur le menu de langue","nc|!M! Manque une indication sur le menu de langue","nc|!M! Manque une indication sur le menu de langue","nc|!M! Manque une indication sur le menu de langue","nc|!M! Manque une indication sur le menu de langue","nc|!M! Manque une indication sur le menu de langue","nc|!M! Manque une indication sur le menu de langue","nc|!M! Manque une indication sur le menu de langue"
"8","8","1","nc","nc","nc","nc","nc","nc","nc","nc","nc","nc"
"8","9","1","c","c","c","c","c","c","c","c","c","c"
"8","10","1","na","na","na","na","na","na","na","na","na","na"
"8","10","2","na","na","na","na","na","na","na","na","na","na"
"9","1","1","nc","nc","nc","nc","nc","nc","nc","nc","nc","nc"
"9","1","2","nc","nc","nc","nc","nc","nc","nc","nc","nc","nc"
"9","1","3","c","c","c","c","c","c","c","c","c","c"
"9","2","1","c","c","c","c","c","c","c","c","c","c"
"9","3","1","c","c","c","c","c","c","c","c","c","c"
"9","3","2","c","c","c","c","c","c","c","c","c","c"
"9","3","3","c","c","c","c","c","c","c","c","c","c"
"9","4","1","na","na","na","na","na","na","na","na","na","na"
"9","4","2","na","na","na","na","na","na","na","na","na","na"
"10","1","1","c","c","c","c","c","c","c","c","c","c"
"10","1","2","c","c","c","c","c","c","c","c","c","c"
"10","1","3","c","c","c","c","c","c","c","c","c","c"
"10","2","1","c","c","c","c","c","c","c","c","c","c"
"10","3","1","c","c","c","c","c","c","c","c","c","c"
"10","4","1","c","c","c","c","c","c","c","c","c","c"
"10","4","2","c","c","c","c","c","c","c","c","c","c"
"10","4","3","c","c","c","c","c","c","c","c","c","c"
"10","5","1","c","c","c","c","c","c","c","c","c","c"
"10","5","2","c","c","c","c","c","c","c","c","c","c"
"10","5","3","nc","nc","nc","nc","nc","nc","nc","nc","nc","nc"
"10","6","1","nc","nc","nc","nc","nc","nc","nc","nc","nc","nc"
"10","7","1","c","c","c","c","c","c","c","c","c","c"
"10","8","1","na","na","na","na","na","na","na","na","na","na"
"10","9","1","c","c","c","c","c","c","c","c","c","c"
"10","9","2","c","c","c","c","c","c","c","c","c","c"
"10","9","3","na","na","na","na","na","na","na","na","na","na"
"10","9","4","na","na","na","na","na","na","na","na","na","na"
"10","10","1","c","c","c","c","c","c","c","c","c","c"
"10","10","2","c","c","c","c","c","c","c","c","c","c"
"10","10","3","na","na","na","na","na","na","na","na","na","na"
"10","10","4","na","na","na","na","na","na","na","na","na","na"
"10","11","1","c","c","c","c","c","nc","c","c","c","c"
"10","11","2","nc","na","nc","na","na","na","nc","na","na","na"
"10","12","1","na","na","na","na","na","na","na","na","na","na"
"10","13","1","na","na","na","na","na","na","na","na","na","na"
"10","13","2","na","na","na","na","na","na","na","na","na","na"
"10","13","3","na","na","na","na","na","na","na","na","na","na"
"10","14","1","na","na","na","na","na","na","c","na","na","na"
"10","14","2","na","na","na","na","na","na","c","na","na","na"
"11","1","1","c","na","c","na","na","na","c","c","na","na"
"11","1","2","c","na","na","na","na","na","c","c","na","na"
"11","1","3","na","na","na","na","na","na","na","na","na","na"
"11","2","1","c","na","c","na","na","na","c","c","na","na"
"11","2","2","na","na","na","na","na","na","na","na","na","na"
"11","2","3","na","na","na","na","na","na","na","na","na","na"
"11","2","4","na","na","na","na","na","na","na","na","na","na"
"11","2","5","na","na","na","na","na","na","na","na","na","na"
"11","2","6","na","na","na","na","na","na","na","na","na","na"
"11","3","1","na","na","na","na","na","na","na","na","na","na"
"11","3","2","na","na","na","na","na","na","na","na","na","na"
"11","4","1","c","na","c","na","na","na","c","na","na","na"
"11","4","2","c","na","c","na","na","na","c","na","na","na"
"11","4","3","c","na","c","na","na","na","na","na","na","na"
"11","5","1","c","na","c","na","na","na","c","na","na","na"
"11","6","1","c","na","nc","na","na","na","nc","nc","na","na"
"11","7","1","c","na","c","na","na","na","na","na","na","na"
"11","8","1","na","na","na","na","na","na","na","na","na","na"
"11","8","2","na","na","na","na","na","na","na","na","na","na"
"11","8","3","na","na","na","na","na","na","na","na","na","na"
"11","9","1","nc","na","nc","na","na","na","na","nc","na","na"
"11","9","2","c","na","c","na","na","na","c","c","na","na"
"11","10","1","c","na","nc","na","na","na","nc","nc","na","na"
"11","10","2","c","na","nc","na","na","na","nc","nc","na","na"
"11","10","3","nc","na","nc","na","na","na","na","nc","na","na"
"11","10","4","na","na","na","na","na","na","na","na","na","na"
"11","10","5","c","na","na","na","na","na","na","c","na","na"
"11","10","6","c","na","c","na","na","na","na","?","na","na"
"11","10","7","nc","na","na","na","na","na","na","nc","na","na"
"11","11","1","na","na","na","na","na","na","na","na","na","na"
"11","11","2","na","na","na","na","na","na","na","na","na","na"
"11","12","1","na","na","na","na","na","na","na","na","na","na"
"11","12","2","na","na","na","na","na","na","na","na","na","na"
"11","13","1","na","na","nc|!F! Boîte de demande réception par mail ","na","na","na","na","na","na","na"
"12","1","1","c","c","c","c","c","c","c","c","c","c"
"12","2","1","na","na","na","na","c","na","na","na","na","na"
"12","3","1","na","na","na","na","c","na","na","na","na","na"
"12","3","2","na","na","na","na","c","na","na","na","na","na"
"12","3","3","na","na","na","na","nc","na","na","na","na","na"
"12","4","1","c","c","c","c","c","c","c","c","c","c"
"12","4","2","c","c","c","c","c","c","c","c","c","c"
"12","4","3","c","c","c","c","c","c","c","c","c","c"
"12","5","1","na","na","na","na","na","na","na","na","na","na"
"12","5","2","na","na","na","na","na","na","na","na","na","na"
"12","5","3","na","na","na","na","na","na","na","na","na","na"
"12","6","1","nc","nc","nc","nc","nc","nc","nc","nc","nc","nc"
"12","7","1","c","c","c","c","c","c","c","c","c","c"
"12","7","2","na","na","na","na","na","na","na","na","na","na"
"12","8","1","c","c","c","c","c","c","c","c","c","c"
"12","8","2","c","c","c","c","c","c","c","c","c","c"
"12","9","1","c","c","c","c","c","c","c","c","c","c"
"12","10","1","na","na","na","na","na","na","na","na","na","na"
"12","11","1","c","c","c","c","c","c","c","c","c","c"
"13","1","1","na","na","na","na","na","na","na","na","na","na"
"13","1","2","na","na","na","na","na","na","na","na","na","na"
"13","1","3","na","na","na","na","na","na","na","na","na","na"
"13","1","4","na","na","na","na","na","na","na","na","na","na"
"13","2","1","c","c","c","c","c","c","c","c","c","c"
"13","3","1","na","na","c","na","na","na","na","na","nc","na"
"13","4","1","?","?","?","?","?","?","?","?","?","?"
"13","5","1","na","na","na","na","na","na","na","na","na","na"
"13","6","1","na","na","na","na","na","na","na","na","na","na"
"13","7","1","na","na","na","na","na","na","na","na","na","na"
"13","7","2","na","na","na","na","na","na","na","na","na","na"
"13","7","3","na","na","na","na","na","na","na","na","na","na"
"13","8","1","na","na","na","na","na","na","na","na","na","na"
"13","8","2","na","na","na","na","na","na","na","na","na","na"
"13","9","1","c","c","c","c","c","c","c","c","c","c"
"13","10","1","na","na","na","na","na","na","na","na","na","na"
"13","10","2","na","na","na","na","na","na","na","na","na","na"
"13","11","1","na","na","na","na","na","na","na","na","na","na"
"13","12","1","na","na","na","na","na","na","na","na","na","na"
"13","12","2","na","na","na","na","na","na","na","na","na","na"
"13","12","3","na","na","na","na","na","na","na","na","na","na"
